"_type","email","source"
"EmailItem","privacy@wikimedia.org","https://meta.wikimedia.org/wiki/Privacy_policy"
"EmailItem","legal@reddit.com","https://www.redditinc.com/policies/privacy-policy"
"EmailItem","eurepresentative@reddit.com","https://www.redditinc.com/policies/privacy-policy"
"EmailItem","privacy@netflix.com","https://help.netflix.com/legal/privacy"
"EmailItem","spam@ebay.com","https://www.ebay.com/help/policies/member-behaviour-policies/user-privacy-notice-privacy-policy?id=4260"
"EmailItem","spoof@ebay.com","https://www.ebay.com/help/policies/member-behaviour-policies/user-privacy-notice-privacy-policy?id=4260"
"EmailItem","privacy@livejasmin.com","https://www.livejasmin.com/en/privacy-policy"
"EmailItem","dpo@livejasmin.com","https://www.livejasmin.com/en/privacy-policy"
"EmailItem","dpo@xvideos.com.","https://info.xvideos.com/legal/privacy/"
"EmailItem","dpo@xvideos.com","https://info.xvideos.com/legal/privacy/"
"EmailItem","support@fandom.com.","http://www.wikia.com/Privacy_Policy"
"EmailItem","support@fandom.com","http://www.wikia.com/Privacy_Policy"
"EmailItem","DPO@fandom.com","http://www.wikia.com/Privacy_Policy"
"EmailItem","dpo@corp.my.com","https://ok.ru/res/privacypolicy.html"
"EmailItem","help@xhamster.com","https://xhamster.com/info/privacy"
"EmailItem","support@beronata.com","https://de.bongacams.com/privacy"
"EmailItem","feedback@tribunnews.com.","http://www.tribunnews.com/privacy-policy"
"EmailItem","privacy@quora.com","https://de.quora.com/about/privacy"
"EmailItem","privacyshield@amazon.com","https://www.amazon.de/gp/help/customer/display.html/ref=footer_privacy?ie=UTF8&nodeId=201909010"
"EmailItem","eu-privacy@amazon.de","https://www.amazon.de/gp/help/customer/display.html/ref=footer_privacy?ie=UTF8&nodeId=201909010"
"EmailItem","dataprotectionoffice@booking.com","https://www.booking.com/general.en-gb.html?label=gen173nr-1FCAEoggJCAlhYSDNYBGg7iAEBmAEuwgEDYWJuyAEP2AEB6AEB-AELkgIBeagCBA&sid=759871d2584e0d2671313d29d0d54724&tmpl=docs%2Fprivacy-policy"
"EmailItem","dataprotectionoffice@booking.com.","https://www.booking.com/general.en-gb.html?label=gen173nr-1FCAEoggJCAlhYSDNYBGg7iAEBmAEuwgEDYWJuyAEP2AEB6AEB-AELkgIBeagCBA&sid=759871d2584e0d2671313d29d0d54724&tmpl=docs%2Fprivacy-policy"
"EmailItem","name@example.com","https://www.booking.com/general.en-gb.html?label=gen173nr-1FCAEoggJCAlhYSDNYBGg7iAEBmAEuwgEDYWJuyAEP2AEB6AEB-AELkgIBeagCBA&sid=759871d2584e0d2671313d29d0d54724&tmpl=docs%2Fprivacy-policy"
"EmailItem","dataprotectionoffice@booking.com","https://www.booking.com/general.en-gb.html?from_cb=1&label=gen173nr-1FCAEoggJCAlhYSDNYBGg7iAEBmAEuwgEDYWJuyAEP2AEB6AEB-AELkgIBeagCBA&sid=759871d2584e0d2671313d29d0d54724&tmpl=docs%2Fprivacy-policy"
"EmailItem","dataprotectionoffice@booking.com.","https://www.booking.com/general.en-gb.html?from_cb=1&label=gen173nr-1FCAEoggJCAlhYSDNYBGg7iAEBmAEuwgEDYWJuyAEP2AEB6AEB-AELkgIBeagCBA&sid=759871d2584e0d2671313d29d0d54724&tmpl=docs%2Fprivacy-policy"
"EmailItem","name@example.com","https://www.booking.com/general.en-gb.html?from_cb=1&label=gen173nr-1FCAEoggJCAlhYSDNYBGg7iAEBmAEuwgEDYWJuyAEP2AEB6AEB-AELkgIBeagCBA&sid=759871d2584e0d2671313d29d0d54724&tmpl=docs%2Fprivacy-policy"
"EmailItem","dataprotectionoffice@booking.com","https://www.booking.com/content/privacy.en-gb.html?label=gen173nr-1FCAEoggJCAlhYSDNYBGg7iAEBmAEuwgEDYWJuyAEP2AEB6AEB-AELkgIBeagCBA&sid=759871d2584e0d2671313d29d0d54724"
"EmailItem","dataprotectionoffice@booking.com.","https://www.booking.com/content/privacy.en-gb.html?label=gen173nr-1FCAEoggJCAlhYSDNYBGg7iAEBmAEuwgEDYWJuyAEP2AEB6AEB-AELkgIBeagCBA&sid=759871d2584e0d2671313d29d0d54724"
"EmailItem","name@example.com","https://www.booking.com/content/privacy.en-gb.html?label=gen173nr-1FCAEoggJCAlhYSDNYBGg7iAEBmAEuwgEDYWJuyAEP2AEB6AEB-AELkgIBeagCBA&sid=759871d2584e0d2671313d29d0d54724"
"EmailItem","notice@amazon.in","https://www.amazon.in/gp/help/customer/display.html/ref=footer_privacy?ie=UTF8&nodeId=200534380"
"EmailItem","privacy@craigslist.org.","https://www.craigslist.org/about/privacy.policy?lang=de"
"EmailItem","eu-privacy@amazon.co.uk.","https://www.amazon.co.uk/gp/help/customer/display.html/ref=footer_privacy?ie=UTF8&nodeId=201909010"
"EmailItem","privacyshield@amazon.com.","https://www.amazon.co.uk/gp/help/customer/display.html/ref=footer_privacy?ie=UTF8&nodeId=201909010"
"EmailItem","privacy.cnn@turner.com","https://edition.cnn.com/privacy1?no-st=9999999999"
"EmailItem","privacy.turner@turner.com","https://edition.cnn.com/privacy1?no-st=9999999999"
"EmailItem","DPO@turner.com","https://edition.cnn.com/privacy1?no-st=9999999999"
"EmailItem","CNNI.Cookies@turner.com","https://edition.cnn.com/privacy1?no-st=9999999999"
"EmailItem","dpo@xnxx.com.","https://info.xnxx.com/privacy_policy"
"EmailItem","dpo@xnxx.com","https://info.xnxx.com/privacy_policy"
"EmailItem","privacy@dropbox.com","https://www.dropbox.com/privacy"
"EmailItem","copyright@dropbox.com","https://www.dropbox.com/privacy"
"EmailItem","contractnotices@dropbox.com","https://www.dropbox.com/privacy"
"EmailItem","dispute-notice@dropbox.com.","https://www.dropbox.com/privacy"
"EmailItem","nv_china_privacy@naver.com","http://policy.naver.com/policy/privacy.html"
"EmailItem","privacy@naver.com","http://policy.naver.com/policy/privacy.html"
"EmailItem","nbpcc@naver.com","http://policy.naver.com/policy/privacy.html"
"EmailItem","privacy@nytimes.com","https://help.nytimes.com/hc/en-us/articles/115014892108-Privacy-policy"
"EmailItem","privacy@nytimes.com.","https://help.nytimes.com/hc/en-us/articles/115014892108-Privacy-policy"
"EmailItem","privacy@diply.com","http://diply.com/static/privacy"
"EmailItem","privacyhelp@iacpublishing.com","https://www.ask.com/privacy"
"EmailItem","privacy@ask.co.uk","https://www.ask.com/privacy"
"EmailItem","policyhelp@iacpublishing.com","https://www.ask.com/privacy"
"EmailItem","dataprotectionoffice@iacpublishing.com","https://www.ask.com/privacy"
"EmailItem","mindsparkDPO@iacapps.com","https://www.ask.com/privacy"
"EmailItem","support@help.mindspark.com","https://www.ask.com/privacy"
"EmailItem","privacyhelp@ask.com","https://www.ask.com/privacy"
"EmailItem","spam@ebay.com","https://pages.ebay.de/help/policies/privacy-policy.html"
"EmailItem","spoof@ebay.com","https://pages.ebay.de/help/policies/privacy-policy.html"
"EmailItem","support@vimeo.com","https://vimeo.com/privacy"
"EmailItem","info@roblox.com","https://en.help.roblox.com/hc/en-us/articles/115004630823-Roblox-Privacy-and-Cookie-Policy-"
"EmailItem","roblox@gdpr-rep.com","https://en.help.roblox.com/hc/en-us/articles/115004630823-Roblox-Privacy-and-Cookie-Policy-"
"EmailItem","dataprotection@theguardian.com","https://www.theguardian.com/help/privacy-policy"
"EmailItem","spam@ebay.com","https://pages.ebay.co.uk/help/policies/privacy-policy.html"
"EmailItem","spoof@ebay.co.uk","https://pages.ebay.co.uk/help/policies/privacy-policy.html"
"EmailItem","spoof@ebay.com","https://pages.ebay.co.uk/help/policies/privacy-policy.html"
"EmailItem","uksales@backgrid.com","http://www.dailymail.co.uk/home/article-1388040/Privacy-Policy-Cookies.html"
"EmailItem","usasales@backgrid.com","http://www.dailymail.co.uk/home/article-1388040/Privacy-Policy-Cookies.html"
"EmailItem","privacy@scribd.com","https://support.scribd.com/hc/en-us/articles/210129366-Privacy-policy"
"EmailItem","PRIVACY@SCRIBD.COM","https://support.scribd.com/hc/en-us/articles/210129366-Privacy-policy"
"EmailItem","support@savefrom.net","http://en.savefrom.net/privacy-policy.html"
"EmailItem","legal@savefrom.net","http://en.savefrom.net/privacy-policy.html"
"EmailItem","logo_desktop_xsmall_outline@2x.png","https://www.yelp.com/tos/privacy_en_us_20180525"
"EmailItem","burst_desktop_xsmall_outline@2x.png","https://www.yelp.com/tos/privacy_en_us_20180525"
"EmailItem","abuse@bankofamerica.com","https://www.bankofamerica.com/privacy/faq/online-privacy-faq.go?request_locale=en_US"
"EmailItem","privacyshield@amazon.com","https://www.amazon.fr/gp/help/customer/display.html/ref=footer_privacy?ie=UTF8&nodeId=201909010"
"EmailItem","eu-privacy@amazon.lu.","https://www.amazon.fr/gp/help/customer/display.html/ref=footer_privacy?ie=UTF8&nodeId=201909010"
"EmailItem","gdpr@genius.com","https://genius.com/static/privacy_policy"
"EmailItem","genius@gdpr-rep.com","https://genius.com/static/privacy_policy"
"EmailItem","privacy@genius.com","https://genius.com/static/privacy_policy"
"EmailItem","inquiry@genius.com","https://genius.com/static/privacy_policy"
"EmailItem","aginfo@ag.nv.gov.","https://www.bankofamerica.com/privacy/overview.go?request_locale=en_US"
"EmailItem","abuse@bankofamerica.com","https://www.bankofamerica.com/privacy/overview.go?request_locale=en_US"
"EmailItem","b485f78905914cc6bc93782cb819e399@sentry.io","https://www.mediafire.com/policies/privacy_policy.php"
"EmailItem","rivacypay@ediafiremay.omcay","https://www.mediafire.com/policies/privacy_policy.php"
"EmailItem","privacyshield@amazon.com","https://www.amazon.it/gp/help/customer/display.html/ref=footer_privacy?ie=UTF8&nodeId=200545460"
"EmailItem","eu-privacy@amazon.it","https://www.amazon.it/gp/help/customer/display.html/ref=footer_privacy?ie=UTF8&nodeId=200545460"
"EmailItem","support@chaturbate.com","https://chaturbate.com/privacy/"
"EmailItem","privacyquestions@chaturbate.com","https://chaturbate.com/privacy/"
"EmailItem","service@wayfair.com","https://www.wayfair.com/customerservice/general_info.php"
"EmailItem","PR@Wayfair.com","https://www.wayfair.com/customerservice/general_info.php"
"EmailItem","legal@wayfair.com.","https://www.wayfair.com/customerservice/general_info.php"
"EmailItem","dataprotectionoffice@booking.com","https://www.booking.com/content/privacy.en-gb.html"
"EmailItem","dataprotectionoffice@booking.com.","https://www.booking.com/content/privacy.en-gb.html"
"EmailItem","name@example.com","https://www.booking.com/content/privacy.en-gb.html"
"EmailItem","support@hulu.com","https://www.hulu.com/privacy"
"EmailItem","privacy@researchgate.net","https://www.researchgate.net/privacy-policy"
"EmailItem","support@mega.nz","https://www.facebook.com/MEGAprivacy"
"EmailItem","deleteaccount@foxnews.com","http://www.foxnews.com/privacy-policy.html"
"EmailItem","adsales@foxnews.com","http://www.foxnews.com/privacy-policy.html"
"EmailItem","ldepartment@foxnews.com","http://www.foxnews.com/privacy-policy.html"
"EmailItem","newsmanager@foxnews.com","http://www.foxnews.com/privacy-policy.html"
"EmailItem","privacy@NTDTV.com","http://www.ntd.tv/privacy-policy/"
"EmailItem","feedback@corp.youdao.com","http://www.youdao.com/terms/privacy.html"
"EmailItem","comments@washpost.com","https://www.washingtonpost.com/privacy-policy/2011/11/18/gIQASIiaiN_story.html?noredirect=on"
"EmailItem","privacy@washpost.com","https://www.washingtonpost.com/privacy-policy/2011/11/18/gIQASIiaiN_story.html?noredirect=on"
"EmailItem","legal@ziffdavis.com","http://www.speedtest.net/privacy"
"EmailItem","service@nownews.com","https://www.nownews.com/info/privacy"
"EmailItem","public@nownews.com","https://www.nownews.com/info/privacy"
"EmailItem","support@discordapp.com.","https://discordapp.com/privacy"
"EmailItem","privacy@discordapp.com","https://discordapp.com/privacy"
"EmailItem","privacy@discordapp.com.","https://discordapp.com/privacy"
"EmailItem","press@discordapp.com","https://discordapp.com/privacy"
"EmailItem","airbnb_background@2x-440d0f2b7a2a6916150b25be0d255638.png","https://www.airbnb.com/terms/privacy_policy"
"EmailItem","preview-empty-new@2x-1d11779b560ac1757c9797799ed06ce4.png","https://www.airbnb.com/terms/privacy_policy"
"EmailItem","preview-empty@2x.png","https://www.airbnb.com/terms/privacy_policy"
"EmailItem","preview-empty@2x-a1c6c1a66868db30da350d79d21935c4.png","https://www.airbnb.com/terms/privacy_policy"
"EmailItem","account.verify@airbnb.com","https://www.airbnb.com/terms/privacy_policy"
"EmailItem","preview-empty-new@2x.png","https://www.airbnb.com/terms/privacy_policy"
"EmailItem","account.disabled@airbnb.com","https://www.airbnb.com/terms/privacy_policy"
"EmailItem","dpo@airbnb.com","https://www.airbnb.com/terms/privacy_policy"
"EmailItem","hello@2x.png","https://www.airbnb.com/terms/privacy_policy"
"EmailItem","terms@airbnb.com","https://www.airbnb.com/terms/privacy_policy"
"EmailItem","opt-out@airbnb.com","https://www.airbnb.com/terms/privacy_policy"
"EmailItem","privacyshield@airbnb.com","https://www.airbnb.com/terms/privacy_policy"
"EmailItem","opt-out@airbnb.com.","https://www.airbnb.com/terms/privacy_policy"
"EmailItem","hello@2x-6755b9e17e788bf166f7a44d6e636238.png","https://www.airbnb.com/terms/privacy_policy"
"EmailItem","account.enable@airbnb.com","https://www.airbnb.com/terms/privacy_policy"
"EmailItem","account.disable@airbnb.com","https://www.airbnb.com/terms/privacy_policy"
"EmailItem","airbnb_background@2x.png","https://www.airbnb.com/terms/privacy_policy"
"EmailItem","support@freepik.com","https://www.freepik.com/privacy_policy"
"EmailItem","rpd@freepik.com","https://www.freepik.com/privacy_policy"
"EmailItem","info@freepik.com","https://www.freepik.com/privacy_policy"
"EmailItem","legal@coinmarketcap.com","https://coinmarketcap.com/privacy/"
"EmailItem","legal@coinmarketcap.com.","https://coinmarketcap.com/privacy/"
"EmailItem","privacyshield@amazon.com.","https://www.amazon.es/gp/help/customer/display.html/ref=footer_privacy?ie=UTF8&nodeId=201909010"
"EmailItem","eu-privacy@amazon.es","https://www.amazon.es/gp/help/customer/display.html/ref=footer_privacy?ie=UTF8&nodeId=201909010"
"EmailItem","webmaster@breitbart.com","http://www.breitbart.com/privacy-policy/"
"EmailItem","privacy@breitbart.com","http://www.breitbart.com/privacy-policy/"
"EmailItem","privacy@usps.gov","http://about.usps.com/who-we-are/privacy-policy/privacy-policy-highlights.htm"
"EmailItem","info@mybet9ja.com","https://web.bet9ja.com/pages/SportFooter_Privacy/guest"
"EmailItem","t-bow@tvbs.com.tw","http://www.tvbs.com.tw/policies/privacy"
"EmailItem","service@tvbs.com.tw","http://www.tvbs.com.tw/policies/privacy"
"EmailItem","data.protection@rttv.ru","https://www.rt.com/privacy-policy/"
"EmailItem","privacy@intuit.com","https://security.intuit.com/index.php/privacy"
"EmailItem","privacy@zendesk.com","https://www.zendesk.com/company/customers-partners/privacy-policy/"
"EmailItem","support@zendesk.com","https://www.zendesk.com/company/customers-partners/privacy-policy/"
"EmailItem","privacy@epochtimes.com","https://www.theepochtimes.com/privacy-notice"
"EmailItem","dpo@mailchimp.com","https://mailchimp.com/legal/privacy/"
"EmailItem","privacy@mailchimp.com","https://mailchimp.com/legal/privacy/"
"EmailItem","personaldatarequests@mailchimp.com","https://mailchimp.com/legal/privacy/"
"EmailItem","privacy@exoclick.com","https://www.exoclick.com/privacy-and-cookies-policy/"
"EmailItem","kanri@kakaku.com","http://help.kakaku.com/kiyaku_privacypolicy.html"
"EmailItem","dataprotection@asos.com","http://www.asos.com/privacy-policy/"
"EmailItem","support@gearbest.com","https://www.gearbest.com/about/privacy-policy.html"
"EmailItem","accounts@okta.com","https://www.okta.com/privacy-policy/"
"EmailItem","privacy@zoom.us","https://zoom.us/de-de/privacy.html"
"EmailItem","support@zoom.us","https://zoom.us/de-de/privacy.html"
"EmailItem","privacy@dell.com","http://www.dell.com/learn/de/de/decorp1/policies-privacy"
"EmailItem","contacto@uptodown.com","https://www.uptodown.com/aboutus/privacy"
"EmailItem","privacy@blackboard.com","http://www.blackboard.com/legal/privacy-center.html"
"EmailItem","privacy@blackboard.com.","http://www.blackboard.com/legal/privacy-center.html"
"EmailItem","privacy@zohocorp.com","https://www.zoho.com/privacy/cookie-policy.html"
"EmailItem","Crowd@2x-blue.png","https://www.atlassian.com/software"
"EmailItem","Statuspage@2x-blue.png","https://www.atlassian.com/software"
"EmailItem","Stride@2x-blue.png","https://www.atlassian.com/software"
"EmailItem","Fisheye@2x-blue.png","https://www.atlassian.com/software"
"EmailItem","20Desk@2x-blue.png","https://www.atlassian.com/software"
"EmailItem","Trello-icon-blue@2x.png","https://www.atlassian.com/software"
"EmailItem","Bamboo@2x-blue.png","https://www.atlassian.com/software"
"EmailItem","20Software@2x-blue.png","https://www.atlassian.com/software"
"EmailItem","Confluence@2x-blue.png","https://www.atlassian.com/software"
"EmailItem","20Core@2x-blue.png","https://www.atlassian.com/software"
"EmailItem","Sourcetree@2x-blue.png","https://www.atlassian.com/software"
"EmailItem","Hipchat@2x-blue.png","https://www.atlassian.com/software"
"EmailItem","Crucible@2x-blue.png","https://www.atlassian.com/software"
"EmailItem","Bitbucket@2x-blue.png","https://www.atlassian.com/software"
"EmailItem","stefano.fiori@repubblica.it","http://www.repubblica.it/economia/rapporti/impresa-italia/tecnologia/2018/06/06/news/norme_privacy_le_imprese_fanno_muro_costi_per_3_1_miliardi_sui_piccoli_-197826236/"
"EmailItem","segreteria_affari_finanza@repubblica.it","http://www.repubblica.it/economia/rapporti/impresa-italia/tecnologia/2018/06/06/news/norme_privacy_le_imprese_fanno_muro_costi_per_3_1_miliardi_sui_piccoli_-197826236/"
"EmailItem","redaksi.sindonews@mncgroup.com","http://about.sindonews.com/privacy-policy"
"EmailItem","privacy@bloomberg.com","https://www.bloomberg.com/notices/privacy/"
"EmailItem","info@slickdeals.net.","https://slickdeals.net/corp/privacy-policy.html"
"EmailItem","privacy@slickdeals.net","https://slickdeals.net/corp/privacy-policy.html"
"EmailItem","info@slickdeals.net","https://slickdeals.net/corp/privacy-policy.html"
"EmailItem","privacy@slickdeals.net.","https://slickdeals.net/corp/privacy-policy.html"
"EmailItem","dpo@zohocorp.com","https://www.zoho.com/privacy.html"
"EmailItem","privacy@zohocorp.com","https://www.zoho.com/privacy.html"
"EmailItem","security@zohocorp.com","https://www.zoho.com/privacy.html"
"EmailItem","privacy@wix.com.","https://www.wix.com/about/privacy"
"EmailItem","privacy@wix.com","https://www.wix.com/about/privacy"
"EmailItem","jobs@wix.com","https://www.wix.com/about/privacy"
"EmailItem","privacy@epicgames.com","https://www.epicgames.com/site/en-US/privacypolicy"
"EmailItem","dpo@epicgames.com.","https://www.epicgames.com/site/en-US/privacypolicy"
"EmailItem","customersupport@mm.co.in","https://www.manoramaonline.com/privacy.html"
"EmailItem","hr@LifeDaily.com","http://www.lifedaily.com/privacy-policy/"
"EmailItem","info@lifedaily.com","http://www.lifedaily.com/privacy-policy/"
"EmailItem","info@LifeDaily.com","http://www.lifedaily.com/privacy-policy/"
"EmailItem","hr@lifedaily.com","http://www.lifedaily.com/privacy-policy/"
"EmailItem","privacy@epicgames.com","http://epicgames.com/site/en-US/privacypolicy"
"EmailItem","dpo@epicgames.com.","http://epicgames.com/site/en-US/privacypolicy"
"EmailItem","dataprotection@samsung.com","http://www.samsung.com/de/info/privacy/"
"EmailItem","internet-group@rian.ru","https://ria.ru/docs/about/privacy_policy.html"
"EmailItem","moderator@rian.ru.","https://ria.ru/docs/about/privacy_policy.html"
"EmailItem","moderator@rian.ru","https://ria.ru/docs/about/privacy_policy.html"
"EmailItem","contact@tutorialspoint.com","http://www.tutorialspoint.com/about/about_privacy.htm"
"EmailItem","help@doublepimp.com","https://www.tube8.com/info.html"
"EmailItem","support@tube8.com","https://www.tube8.com/info.html"
"EmailItem","support@Tube8.com","https://www.tube8.com/info.html"
"EmailItem","legal@tube8.com","https://www.tube8.com/info.html"
"EmailItem","copyright@pornhub.com","https://www.tube8.com/info.html"
"EmailItem","affiliate@tube8.com","https://www.tube8.com/info.html"
"EmailItem","copyright@tube8.com","https://www.tube8.com/info.html"
"EmailItem","web.it@prothom-alo.info","http://www.prothomalo.com/privacy"
"EmailItem","info@prothom-alo.info","http://www.prothomalo.com/privacy"
"EmailItem","help@discogs.com","https://support.discogs.com/hc/en-us/articles/360001134454"
"EmailItem","privacy@discogs.com","https://support.discogs.com/hc/en-us/articles/360001134454"
"EmailItem","compliance@discogsinc.com","https://support.discogs.com/hc/en-us/articles/360001134454"
"EmailItem","compliance@discogs.com","https://support.discogs.com/hc/en-us/articles/360001134454"
"EmailItem","app@discogs.com","https://support.discogs.com/hc/en-us/articles/360001134454"
"EmailItem","nv_china_privacy@naver.com","http://policy.naver.com/rules/privacy.html"
"EmailItem","privacy@naver.com","http://policy.naver.com/rules/privacy.html"
"EmailItem","nbpcc@naver.com","http://policy.naver.com/rules/privacy.html"
"EmailItem","privacy@asus.com","https://www.asus.com/de/Terms_of_Use_Notice_Privacy_Policy/Privacy_Policy"
"EmailItem","LegalCompliance@asus.com","https://www.asus.com/de/Terms_of_Use_Notice_Privacy_Policy/Official-Site"
"EmailItem","support@poe.trade","http://poe.trade/html/privacy-policy.html"
"EmailItem","dpofficer@fusionmedialtd.com","https://www.investing.com/about-us/privacy-policy"
"EmailItem","info@xda-developers.com","https://www.xda-developers.com/xda-developers-privacy-policy/"
"EmailItem","sponsorships@shopify.com.","https://www.shopify.com/legal/privacy?__hsfp=573994506&__hssc=181228920.1.1528328443141&__hstc=181228920.86100d59e1b79277e8372bc75c1bc033.1528328443141.1528328443141.1528328443141.1"
"EmailItem","privacy@shopify.com","https://www.shopify.com/legal/privacy?__hsfp=573994506&__hssc=181228920.1.1528328443141&__hstc=181228920.86100d59e1b79277e8372bc75c1bc033.1528328443141.1528328443141.1528328443141.1"
"EmailItem","hotfix-PPE-152112-footer-update-truste-seal@1.7.0-4-g69ff820-dirty","https://www.webmd.com/about-webmd-policies/about-privacy-policy"
"EmailItem","release-pinterest-pixel-pagevisit@1.7.0-0-g58dc609","https://www.webmd.com/about-webmd-policies/about-privacy-policy"
"EmailItem","sponsorships@shopify.com.","https://www.shopify.com/legal/privacy"
"EmailItem","privacy@shopify.com","https://www.shopify.com/legal/privacy"
"EmailItem","privacy.questions@autodesk.com","https://www.autodesk.com/company/legal-notices-trademarks/privacy-statement/autodesk-privacy-statement-2015-english"
"EmailItem","DPO@autodesk.com","https://www.autodesk.com/company/legal-notices-trademarks/privacy-statement/autodesk-privacy-statement-2015-english"
"EmailItem","privacy@riotgames.com","https://euw.leagueoflegends.com/en/legal/privacy"
"EmailItem","privacy@wattpad.com","https://policies.wattpad.com/privacy/"
"EmailItem","fr@2x.png","https://getcryptotab.com/en/privacy/"
"EmailItem","en@2x.png","https://getcryptotab.com/en/privacy/"
"EmailItem","it@2x.png","https://getcryptotab.com/en/privacy/"
"EmailItem","ru@2x.png","https://getcryptotab.com/en/privacy/"
"EmailItem","tr@2x.png","https://getcryptotab.com/en/privacy/"
"EmailItem","pt@2x.png","https://getcryptotab.com/en/privacy/"
"EmailItem","hi@2x.png","https://getcryptotab.com/en/privacy/"
"EmailItem","bn@2x.png","https://getcryptotab.com/en/privacy/"
"EmailItem","es@2x.png","https://getcryptotab.com/en/privacy/"
"EmailItem","de@2x.png","https://getcryptotab.com/en/privacy/"
"EmailItem","data@shein.com","https://www.shein.in/Privacy-Security-Policy-a-282.html"
"EmailItem","947362214@qq.com","https://www.shein.in/Privacy-Security-Policy-a-282.html"
"EmailItem","userexperience@hotels.com","https://de.hotels.com/customer_care/privacy.html"
"EmailItem","privacy@groupon.com","https://www.groupon.com/legal/privacypolicy"
"EmailItem","support@groupon.com","https://www.groupon.com/legal/privacypolicy"
"EmailItem","privacy@groupon.com.","https://www.groupon.com/legal/privacypolicy"
"EmailItem","policyhelp@iacpublishing.com","https://www.informationvine.com/privacy"
"EmailItem","privacy@ask.co.uk","https://www.informationvine.com/privacy"
"EmailItem","privacy@iacpublishing.com","https://www.informationvine.com/privacy"
"EmailItem","privacyhelp@iacpublishing.com","https://www.informationvine.com/privacy"
"EmailItem","dataprotectionoffice@iacpublishing.com","https://www.informationvine.com/privacy"
"EmailItem","dataprotection@fifa.org","http://www.fifa.com/legal/privacy-policy.html"
"EmailItem","feedback@justdial.com","https://www.justdial.com/Privacy-Policy"
"EmailItem","privacy@justdial.com","https://www.justdial.com/Privacy-Policy"
"EmailItem","d0db382b09cf44eb970c3ab5a7510729@sentry.io","https://www.infusionsoft.com/legal/privacy-policy"
"EmailItem","pi@4shared.com","https://www.4shared.com/privacy.jsp"
"EmailItem","legal@4shared.com","https://www.4shared.com/privacy.jsp"
"EmailItem","data.protection.officer@tutela.com","https://www.4shared.com/privacy.jsp"
"EmailItem","email@dmv.org","https://www.dmv.org/privacy.php"
"EmailItem","youremail@domain.com","https://www.dmv.org/privacy.php"
"EmailItem","GDPR-EURep@m-w.com","https://www.merriam-webster.com/privacy-policy"
"EmailItem","privacy@m-w.com","https://www.merriam-webster.com/privacy-policy"
"EmailItem","dpo@m-w.com","https://www.merriam-webster.com/privacy-policy"
"EmailItem","dpo@m-w.com.","https://www.merriam-webster.com/privacy-policy"
"EmailItem","subscription@mpp.co.in","http://media.mathrubhumi.com/static/privacypolicy.html"
"EmailItem","admin@mathrubhumi.com.","http://media.mathrubhumi.com/static/privacypolicy.html"
"EmailItem","admin@mathrubhumi.com","http://media.mathrubhumi.com/static/privacypolicy.html"
"EmailItem","contactus@liftablemedia.com.","https://www.westernjournal.com/about/privacy-policy/"
"EmailItem","legal@creditkarma.com","https://www.creditkarma.com/about/privacy-20180122"
"EmailItem","security@creditkarma.com","https://www.creditkarma.com/about/privacy-20180122"
"EmailItem","help@doublepimp.com","https://www.xtube.com/privacy-notice"
"EmailItem","customercare@indiamart.com","https://www.indiamart.com/privacy-policy.html"
"EmailItem","icon-menu-blue@1x.gif","http://about.abc.net.au/abc-privacy-policy/"
"EmailItem","icon-search-blue@1x.png","http://about.abc.net.au/abc-privacy-policy/"
"EmailItem","privacy.abc@abc.net.au","http://about.abc.net.au/abc-privacy-policy/"
"EmailItem","icon-user-blue@1x.png","http://about.abc.net.au/abc-privacy-policy/"
"EmailItem","icon-search-grey@1x.png","http://about.abc.net.au/abc-privacy-policy/"
"EmailItem","logo-abc@2x.png","http://about.abc.net.au/abc-privacy-policy/"
"EmailItem","ect@abc.net.au.","http://about.abc.net.au/abc-privacy-policy/"
"EmailItem","icon-menu-grey@1x.gif","http://about.abc.net.au/abc-privacy-policy/"
"EmailItem","icon-user-grey@1x.png","http://about.abc.net.au/abc-privacy-policy/"
"EmailItem","spoof@ebay.fr","https://pages.ebay.fr/help/policies/privacy-policy.html"
"EmailItem","spam@ebay.com","https://pages.ebay.fr/help/policies/privacy-policy.html"
"EmailItem","spam@ebay.fr","https://pages.ebay.fr/help/policies/privacy-policy.html"
"EmailItem","spoof@ebay.com","https://pages.ebay.fr/help/policies/privacy-policy.html"
"EmailItem","legal@worldstarhiphop.com.","http://www.worldstarhiphop.com/videos/privacy.php"
"EmailItem","privacy@y8.com","http://www.y8.com/privacy"
"EmailItem","privacy@y8.com.","http://www.y8.com/privacy"
"EmailItem","feedback@politico.com.","https://www.politico.com/privacy-policy"
"EmailItem","legal@politico.com.","https://www.politico.com/privacy-policy"
"EmailItem","privacy@politico.com","https://www.politico.com/privacy-policy"
"EmailItem","privacy@getpocket.com","https://getpocket.com/privacy"
"EmailItem","privacy@avast.com.","https://www.avast.com/de-de/privacy-policy"
"EmailItem","customerservice@avast.com","https://www.avast.com/de-de/privacy-policy"
"EmailItem","dpo@avast.com.","https://www.avast.com/de-de/privacy-policy"
"EmailItem","copyright@rbc.ru","https://www.rbc.ru/privacy/"
"EmailItem","letters@rbc.ru","https://www.rbc.ru/privacy/"
"EmailItem","Group_londonadminsvc@usaa.com","https://www.usaa.com/inet/pages/privacy_statement_europe?akredirect=true"
"EmailItem","Group_LondonAdminSVC@usaa.com","https://www.usaa.com/inet/pages/privacy_statement_europe?akredirect=true"
"EmailItem","abuse@usaa.com","https://www.usaa.com/inet/pages/security_protect_your_personal_information?wa_ref=pub_subglobal_footer_privacy_promise"
"EmailItem","callcenter@mbc.net","http://www.mbc.net/ar/privacy.html"
"EmailItem","academy@givemesport.com.","https://www.givemesport.com/privacy-statement"
"EmailItem","data@givemesport.com","https://www.givemesport.com/privacy-statement"
"EmailItem","data@givemesport.com.","https://www.givemesport.com/privacy-statement"
"EmailItem","partnerships@mobafire.com","https://www.mobafire.com/privacy-policy"
"EmailItem","dpo@avast.com.","https://www.ccleaner.com/about/privacy-policy"
"EmailItem","john@email.com","https://www.ccleaner.com/about/privacy-policy"
"EmailItem","your@email.com","https://www.ccleaner.com/about/privacy-policy"
"EmailItem","customerservices@avast.com","https://www.ccleaner.com/about/privacy-policy"
"EmailItem","support@ccleaner.com","https://www.ccleaner.com/about/privacy-policy"
"EmailItem","support@ccleaner.com.","https://www.ccleaner.com/about/privacy-policy"
"EmailItem","privacy@ecosia.org","https://info.ecosia.org/privacy"
"EmailItem","info@ecosia.org","https://info.ecosia.org/privacy"
"EmailItem","help@thehill.com","http://thehill.com/privacy-policy"
"EmailItem","youjizzadmin@gmail.com","https://www.youjizz.com/privacy"
"EmailItem","support@eanswers.com","http://www.eanswers.com/privacy"
"EmailItem","contact@howtogeek.com","https://www.howtogeek.com/privacy-policy/"
"EmailItem","website@huawei.com","http://www.huawei.com/en/privacy-policy"
"EmailItem","privacy@aiuto.subito.it","https://info.subito.it/policies/privacy.htm"
"EmailItem","ads@op.gg","http://euw.op.gg/about/privacy/"
"EmailItem","privacy@op.gg.","http://euw.op.gg/about/privacy/"
"EmailItem","contact@op.gg","http://euw.op.gg/about/privacy/"
"EmailItem","privacy@op.gg","http://euw.op.gg/about/privacy/"
"EmailItem","btn-gnb-search@2x.png","http://euw.op.gg/about/privacy/"
"EmailItem","service@op.gg","http://euw.op.gg/about/privacy/"
"EmailItem","icon-history-info@2x.png","http://euw.op.gg/about/privacy/"
"EmailItem","legal@fextralife.com","https://fextralife.com/privacy-policy/"
"EmailItem","DPO@strava.com","https://www.strava.com/legal/privacy"
"EmailItem","privacy@motorsport.com","https://www.motorsport.com/info/privacy-policy/"
"EmailItem","support@searchlock.com","https://www.searchlock.com/en/pages/privacy"
"EmailItem","grievance@cricbuzz.com","http://www.cricbuzz.com/info/privacy"
